store,n_leader,ldi
metro,2212,3.96415770609319
springs,110,0.1971326164874552
imtiaz,40,0.07168458781362007
naheed,19,0.034050179211469536
chaseup,2,0.0035842293906810036
